productId,incidentState,incidentLocation,age,policyNumber,policyDeductable,autoMake,autoYear
1,SC,9935 4th Drive,48,521585,1000,Saab,2004
2,VA,6608 MLK Hwy,42,342868,2000,Mercedes,2007
3,NY,7121 Francis Lane,29,687698,2000,Dodge,2007
4,OH,6956 Maple Drive,41,227811,2000,Chevrolet,2014
5,NY,3041 3rd Ave,44,367455,1000,Accura,2009
6,SC,8973 Washington St,39,104594,1000,Saab,2003
7,NY,5846 Weaver Drive,34,413978,1000,Nissan,2012
8,VA,3525 3rd Hwy,37,429027,1000,Audi,2015
9,WV,4872 Rock Ridge,33,485665,500,Toyota,2012
10,NC,3066 Francis Ave,42,636550,500,Saab,1996
11,NY,1558 1st Ridge,42,543610,500,Ford,2002
12,SC,5971 5th Hwy,61,214618,2000,Audi,2006
13,SC,6655 5th Drive,23,842643,500,Saab,2000
14,SC,6582 Elm Lane,34,626808,1000,Toyota,2010
15,SC,6851 3rd Drive,38,644081,2000,Dodge,2003
16,WV,9573 Weaver Ave,58,892874,2000,Accura,1999
17,NY,5074 3rd St,26,558938,1000,Nissan,2012
18,WV,4546 Tree St,31,275265,500,Suburu,2015
19,NY,3842 Solo Ridge,37,921202,500,Accura,2015
20,VA,8101 3rd Ridge,39,143972,2000,Nissan,2014
21,NY,5380 Pine St,62,183430,1000,Suburu,2011
22,SC,8957 Weaver Drive,41,431876,2000,Accura,1996
23,SC,2526 Embaracadero Ave,55,285496,2000,Suburu,2000
24,WV,5667 4th Drive,55,115399,2000,Dodge,2011
25,VA,2502 Apache Hwy,40,736882,1000,Ford,2005
26,OH,3418 Texas Lane,35,699044,2000,Ford,2006
27,PA,2533 Elm St,43,863236,2000,Toyota,2005
28,VA,3790 Andromedia Hwy,34,608513,500,Suburu,2003
29,SC,3220 Rock Drive,40,914088,2000,Dodge,2009
30,SC,2100 Francis Drive,45,596785,2000,Accura,2011
31,SC,4687 5th Drive,25,908616,1000,Toyota,2005
32,WV,9038 2nd Lane,37,666333,2000,Ford,2006
33,NY,6092 5th Ave,35,336614,1000,BMW,2008
34,NY,8353 Britain Ridge,30,584859,1000,Suburu,2015
35,WV,3540 Maple St,37,990493,500,Audi,1999
